,nan,transgender male,female,male
Q1004|,,,,3.0
Q101017|,,,,1.0
Q101333|,,,,3.0
Q101929|,,,,1.0
Q1020604|Q11417|,,,,1.0
Q1027879|,,,,1.0
Q1028964|,,,,1.0
Q102904|,,,,1.0
Q102904|Q47555|,,,,1.0
Q1033379|,,,,1.0
Q10379|,,,,1.0
Q10384|,,,,2.0
Q1044484|,,,,1.0
Q1046801|,,,,1.0
Q1047168|,,,,1.0
Q1049183|,,,,1.0
Q1049976|,,,,1.0
Q1050259|Q11990|,,,,1.0
Q1051088|,,,,1.0
Q105196|,,,,1.0
Q1057314|,,,,1.0
Q105985|,,,1.0,
Q1061635|,,,,1.0
Q1061896|,,,,1.0
Q10630822|,,,,2.0
Q1066582|Q615498|,,,1.0,
Q1069306|Q8180985|,,,,1.0
Q1071239|,,,,1.0
Q1071985|,,,,1.0
Q1071|,,,,1.0
Q1071|Q309|,,,,1.0
Q1073559|,,,,1.0
Q10737|,,,,1.0
Q107425|Q5043|,,,1.0,
Q107427|Q123006|,,,,1.0
Q1074539|,,,,1.0
Q1074953|,,,,1.0
Q1075388|,,,,1.0
Q1075827|Q47280|,,,,1.0
Q1075838|,,,,2.0
Q1078351|,,,1.0,1.0
Q10800557|,,,,1.0
Q108429|,,,1.0,
Q10866633|,,,1.0,
Q10872101|Q350979|Q222845|,,,,1.0
Q1089246|,,,,2.0
Q10943|,,,,2.0
Q1096013|,,,,1.0
Q10962|,,,,1.0
Q10968653|,,,,1.0
Q1097630|,,,1.0,
Q10978|,,,1.0,
Q11015|,,,,1.0
Q11016|,,,,1.0
Q11016|Q173285|Q4830453|,,,,1.0
Q11016|Q913709|Q7108|Q173285|,,,,1.0
Q11023|,,,,14.0
Q11030|,,,2.0,9.0
Q11030|Q482|,,,,1.0
Q11030|Q8242|,,,,1.0
Q11032|,,,1.0,
Q11034|,,,,1.0
Q11059|,,,1.0,
Q11063|,,,,2.0
Q1109432|,,,,1.0
Q11128145|,,,,1.0
Q1114448|,,,,4.0
Q11165|,,,,1.0
Q1117470|,,,,2.0
Q11190|,,,1.0,6.0
Q11206|,,,,1.0
Q11214|,,,,1.0
Q11216|,,,,5.0
Q11248882|,,,1.0,
Q1127717|,,,,2.0
Q11285118|Q8676|Q1279400|,,,1.0,
Q1130265|,,,,1.0
Q1131236|,,,,1.0
Q1133779|,,,,6.0
Q11351|,,,,3.0
Q11351|Q193430|Q2028068|Q5509478|Q2002373|,,,1.0,
Q11351|Q203989|,,,,1.0
Q11358|Q423123|,,,1.0,
Q1136807|,,,,1.0
Q11372|,,,1.0,7.0
Q1138780|,,,,4.0
Q1138951|,,,,1.0
Q11409|,,,,1.0
Q11420|Q2736|,,,1.0,
Q11424|,,,1.0,8.0
Q11424|Q3429919|,,,,1.0
Q11425|,,,1.0,3.0
Q1143847|,,,,1.0
Q1144457|Q2247122|Q589|,,,,1.0
Q11446451|,,,,1.0
Q11448|,,,1.0,
Q11451|,,,,1.0
Q11451|Q747713|,,,,1.0
Q11452|,,,,1.0
Q11452|Q234181|,,,,1.0
Q11453|,,,,1.0
Q11457|Q192296|,,,,1.0
Q11460|,,,,1.0
Q1146354|,,,1.0,2.0
Q1146354|Q182956|,,,,1.0
Q11467|,,,,1.0
Q11468|,,,,2.0
Q1152419|,,,,1.0
Q1153171|,,,,1.0
Q1153966|,,,,1.0
Q1154774|,,,,1.0
Q1160621|Q3972943|,,,,1.0
Q1160621|Q40634|Q558929|Q11030|,,,,1.0
Q1160621|Q4204726|Q1048240|,,,,1.0
Q11629|,,,1.0,1.0
Q1163234|Q1361756|Q2247727|,,,,1.0
Q11633|,,,1.0,
Q11634|,,,2.0,6.0
Q11634|Q139106|Q178659|,,,1.0,
Q11635|,,,2.0,3.0
Q11635|Q219625|,,,,1.0
Q11635|Q590870|,,,,4.0
Q11635|Q590870|Q289|,,,1.0,
Q11650|,,,,1.0
Q11660|,,,1.0,2.0
Q11661|,,,,1.0
Q1166618|,,,1.0,36.0
Q1166618|Q12482|,,,,6.0
Q1166618|Q2878974|,,,,1.0
Q1166618|Q351625|,,,,1.0
Q1166618|Q42989|,,,,1.0
Q1166618|Q467606|,,,,2.0
Q1166618|Q467606|Q12482|Q159943|,,,,1.0
Q1166618|Q852732|,,,,1.0
Q11708|Q29520|Q42225|,,,,1.0
Q1172458|,,,,1.0
Q1172458|Q34178|,,,,1.0
Q11772|,,,,1.0
Q11772|Q1747689|,,,,1.0
Q11772|Q428995|Q41493|,,,,1.0
Q11774891|,,,,3.0
Q118382|,,,,1.0
Q118382|Q49297|,,,1.0,1.0
Q11879281|,,,2.0,1.0
Q119190|,,,,3.0
Q119190|Q794605|Q8242|Q50637|,,,,1.0
Q1198874|,,,,1.0
Q12015335|,,,,1.0
Q1202615|,,,,1.0
Q1205637|,,,,1.0
Q12078|,,,1.0,1.0
Q12100|,,,,1.0
Q12156|,,,,1.0
Q121594|,,,,1.0
Q121713|,,,,1.0
Q121998|,,,,1.0
Q12206|,,,1.0,
Q1221899|,,,1.0,
Q12270024|,,,,1.0
Q12271|Q309|,,,,1.0
Q12280|,,,,1.0
Q123006|,,,,2.0
Q123028|,,,1.0,1.0
Q1231361|Q23498|,,,,1.0
Q1231865|,,,,1.0
Q1233720|Q131539|Q1344|,,,1.0,
Q123492|,,,,2.0
Q12360185|,,,1.0,
Q124100|,,,,2.0
Q1241279|,,,,1.0
Q12479|,,,9.0,238.0
Q12479|Q13220368|,,,,1.0
Q12479|Q3968|Q193756|,,,,1.0
Q12479|Q3968|Q7754|Q188444|Q26336|Q14620|,,,,1.0
Q12479|Q42989|,,,,2.0
Q12479|Q7754|,,,,1.0
Q12482|,,,,39.0
Q12482|Q27654|,,,,1.0
Q12482|Q338488|Q44325|Q7264|,,,,1.0
Q12482|Q42989|,,,1.0,4.0
Q124946|,,,,1.0
Q1252798|Q1026962|,,,,1.0
Q12554|,,,7.0,45.0
Q12554|Q6555|,,,1.0,
Q12585|,,,,1.0
Q1259197|,,,,3.0
Q126236|,,,,1.0
Q126552|,,,,3.0
Q126842|,,,,1.0
Q126842|Q1577380|,,,,1.0
Q12684|,,,1.0,
Q12684|Q42962|Q11034|,,,1.0,
Q127782|,,,,1.0
Q1279400|,,,1.0,
Q1279400|Q1081138|Q127328|,,,1.0,
Q12811294|,,,,1.0
Q128115|Q34508|,,,1.0,
Q12818349|,,,,8.0
Q12818349|Q280817|,,,,1.0
Q12818349|Q280817|Q335414|Q2321196|,,,,1.0
Q12818349|Q280817|Q9603|Q2737409|Q484181|,,,,1.0
Q12818349|Q335414|,,,,3.0
Q12818349|Q484181|Q335414|Q2737409|,,,,1.0
Q12818349|Q484181|Q335414|Q2737409|Q9603|Q7163|,,,,1.0
Q12818349|Q5891|,,,,1.0
Q12818349|Q601401|,,,,1.0
Q12831143|,,,,1.0
Q12860724|,,,1.0,
Q128758|,,,,1.0
Q1287|,,,,1.0
Q1287|Q271588|,,,,1.0
Q12882396|Q64418|,,,,1.0
Q1288557|,,,,1.0
Q12912932|Q235258|Q1172458|Q484181|Q9603|,,,,1.0
Q1296423|,,,,1.0
Q130436|Q718714|Q163900|,1.0,,,
Q130693|,,,1.0,
Q131089|Q134435|,,,,1.0
Q1311612|Q482980|,,,,1.0
Q131207|,,,2.0,
Q131222|,,,,1.0
Q13142624|,,,,1.0
Q131476|,,,5.0,63.0
Q131476|Q12479|,,,,3.0
Q131476|Q42989|,,,,2.0
Q131476|Q874429|,,,,3.0
Q131479|,,,,1.0
Q131524|,,,,2.0
Q131539|,,,2.0,1.0
Q131539|Q170593|,,,,1.0
Q131683|Q843900|,,,,1.0
Q1317534|,,,,1.0
Q132151|Q23498|Q187097|,,,,1.0
Q132151|Q7922|,,,,1.0
Q132151|Q7922|Q156035|,,,,1.0
Q13220368|,,,,1.0
Q1323572|,,,1.0,
Q132364|,,,,1.0
Q132438|,,,1.0,
Q1324964|,,,,1.0
Q132659|,,,,1.0
Q1328688|,,,1.0,
Q1329946|,,,1.0,
Q133036|,,,,1.0
Q133080|,,,,1.0
Q1332231|Q201486|,,,,1.0
Q1333872|Q486902|,,,,1.0
Q13360823|,,,,1.0
Q1336265|,,,,1.0
Q13404081|,,,1.0,
Q13418253|Q2516866|,,,,1.0
Q134194|,,,,1.0
Q134307|,,,1.0,12.0
Q134307|Q170571|,,,1.0,
Q134307|Q170571|Q191163|,,,1.0,
Q134435|Q816425|,,,,1.0
Q1344|,,,1.0,2.0
Q1344|Q279272|,,,,1.0
Q134783|Q1142548|,,,,1.0
Q1349760|,,,,1.0
Q134995|,,,,1.0
Q1353213|,,,,1.0
Q135637|,,,1.0,
Q1362208|,,,,1.0
Q13636890|,,,,1.0
Q13644106|,,,,1.0
Q13644106|Q10968653|,,,,1.0
Q1365243|,,,1.0,
Q1367522|,,,,2.0
Q1368144|,,,,7.0
Q1368144|Q143|,,,,1.0
Q1368144|Q1790577|,,,,1.0
Q1368144|Q2272912|,,,,1.0
Q1368144|Q520855|Q856574|,,,1.0,
Q1368144|Q856574|,,,,1.0
Q1371704|Q460162|,,,,1.0
Q1379246|,,,,1.0
Q1381511|,,,,1.0
Q13883136|,,,,1.0
Q139106|,,,,6.0
Q1392782|,,,,1.0
Q1395219|,,,,1.0
Q13955|,,,,2.0
Q13955|Q1817983|,,,,1.0
Q1400853|,,,,1.0
Q1400853|Q191163|,,,1.0,
Q1400853|Q1935974|Q170571|,,,,1.0
Q1401304|,,,,1.0
Q1401416|,,,,1.0
Q1409472|Q738011|,,,,1.0
Q1412709|,,,1.0,
Q1418771|Q4430314|Q1570681|,,,1.0,
Q1420050|,,,,1.0
Q1420|,,,,1.0
Q1423891|,,,,1.0
Q142714|,,,,1.0
Q1430622|,,,1.0,
Q1436734|,,,,1.0
Q143|,,,11.0,31.0
Q143|Q1368144|,,,,1.0
Q143|Q9418|,,,,1.0
Q14467526|Q856574|,,,,1.0
Q1455|,,,,1.0
Q1456948|Q187097|,,,,1.0
Q1458465|,,,,1.0
Q145903|,,,,1.0
Q14620|,,,,1.0
Q14633884|,,,1.0,
Q146491|,,,,1.0
Q146893|Q175156|,,,1.0,
Q147638|,,,,2.0
Q1483473|,,,,1.0
Q14915627|,,,,1.0
Q149537|Q49084|,,,1.0,
Q1497658|,,,1.0,
Q1503585|,,,,1.0
Q1505660|,,,,1.0
Q150971|,,,,1.0
Q15117302|,,,1.0,
Q1515099|,,,1.0,1.0
Q1515727|Q243455|,,,,1.0
Q1516257|,,,,1.0
Q1516453|,,,,1.0
Q1516654|,,,,1.0
Q1519812|Q15982298|,,,1.0,
Q151993|,,,,1.0
Q152074|,,,,1.0
Q152384|,,,1.0,
Q1524573|,,,,1.0
Q1541064|,,,1.0,
Q1541373|,,,1.0,
Q1544924|Q164204|,,,,1.0
Q1546270|,,,,1.0
Q1559267|,,,,1.0
Q156035|,,,1.0,
Q156050|Q166231|,,,1.0,
Q156438|Q194025|,,,,1.0
Q156495|,,,,4.0
Q156495|Q216320|,,,,1.0
Q1569950|,,,1.0,1.0
Q15709513|,,,,1.0
Q157146|,,,2.0,4.0
Q15839135|,,,,1.0
Q158607|,,,,4.0
Q158607|Q191163|Q50030|,,,,1.0
Q15885248|,,,,12.0
Q15899470|Q856574|Q1368144|Q459381|,,,,1.0
Q15931767|Q44854|,,,,1.0
Q159810|,,,,1.0
Q159810|Q309|,,,,1.0
Q15995642|,,,,1.0
Q159964|,,,,1.0
Q15|,,,1.0,
Q16000061|Q49780|,,,,1.0
Q160039|,,,,2.0
Q16012028|,,,,1.0
Q160342|,,,,1.0
Q160398|Q910164|,,,,1.0
Q1607826|,,,,1.0
Q1608023|,,,,1.0
Q160845|,,,,1.0
Q161179|,,,,1.0
Q161439|,,,1.0,
Q161448|,,,,1.0
Q161764|,,,1.0,
Q1621662|Q162219|,,,,1.0
Q162314|,,,,1.0
Q162314|Q5054583|Q4932206|,,,,1.0
Q163082|,,,,1.0
Q1636734|Q18533485|,,,,1.0
Q16387|Q21198|Q5891|,,,,1.0
Q164761|Q211155|Q2402434|Q334734|Q230061|,,,,1.0
Q16525233|,,,,1.0
Q165950|,,,,2.0
Q1660187|,,,,1.0
Q166030|,,,,1.0
Q166234|,,,,1.0
Q166542|,,,,1.0
Q166542|Q471183|,,,,1.0
Q16656428|,,,,1.0
Q1667082|Q1762091|Q166542|Q181648|,,,,1.0
Q1669589|,,,,2.0
Q1669815|,,,,1.0
Q168091|,,,2.0,
Q1683099|,,,1.0,
Q168338|,,,,1.0
Q168796|,,,,1.0
Q168800|,,,,1.0
Q1689605|,1.0,,,
Q169390|,,,1.0,1.0
Q169470|,,,,1.0
Q169470|Q123637|,,,,1.0
Q170571|,,,22.0,230.0
Q170571|Q134307|Q214127|,,,1.0,
Q170571|Q134307|Q50030|,,,1.0,
Q170571|Q17279581|,,,2.0,1.0
Q17076284|Q1277348|Q520855|,,,1.0,
Q170790|,,,,3.0
Q1709010|,,,,1.0
Q170978|,,,,1.0
Q170978|Q11660|Q844240|,,,1.0,
Q17106098|,,,,1.0
Q171141|,,,,1.0
Q171184|,,,,1.0
Q171251|,,,,8.0
Q171401|,,,,1.0
Q17143415|,,,,1.0
Q17156912|,,,1.0,26.0
Q17176296|,,,,1.0
Q1721024|,,,,1.0
Q172145|,,,,1.0
Q17279581|,,,31.0,42.0
Q17279581|Q170571|,,,10.0,35.0
Q17279581|Q191163|,,,1.0,2.0
Q17279581|Q191163|Q170571|,,,,2.0
Q173113|,,,,2.0
Q173113|Q8134|,,,,1.0
Q173242|Q178659|Q191163|Q192110|Q170571|,,,1.0,
Q1734|,,,1.0,
Q1735738|,,,,1.0
Q173799|,,,1.0,2.0
Q174028|,,,,1.0
Q1741922|,,,,1.0
Q174416|,,,,2.0
Q174705|,,,,1.0
Q1747689|,,,,1.0
Q17479289|,,,,1.0
Q1750049|,,,,1.0
Q17516|Q4969124|Q11634|Q3697780|,,,,1.0
Q1753773|,,,,1.0
Q1762091|,,,,1.0
Q176483|,,,,4.0
Q176555|,,,,1.0
Q1768697|,,,,5.0
Q177005|Q128570|Q222046|,,,,1.0
Q177220|,,,1.0,2.0
Q177275|Q136851|,,,,1.0
Q177409|,,,,1.0
Q177777|Q601401|,,,,1.0
Q1779152|,,,,2.0
Q177923|Q15991265|,,,,1.0
Q1779521|,,,1.0,
Q1780384|,,,1.0,1.0
Q178540|Q999259|,,,,1.0
Q178598|Q10979515|,,,,1.0
Q178651|,,,1.0,
Q178659|,,,,1.0
Q17884|,,1.0,,1.0
Q1789149|,,,,2.0
Q179161|,,,,1.0
Q179226|,,,,1.0
Q179235|Q156495|,,,1.0,
Q1792400|Q13883136|,,,,1.0
Q179310|,,,,1.0
Q179488|Q146893|Q215948|Q4335010|,,,,1.0
Q179805|,,,,2.0
Q179805|Q9465|Q35986|,,,,1.0
Q179805|Q9471|Q35277|Q59115|,,,,1.0
Q1802210|,,,,1.0
Q180253|,,,1.0,
Q180536|,,,1.0,
Q180692|,,,1.0,
Q1806979|,,,,1.0
Q180969|,,,5.0,48.0
Q180969|Q12479|,,,,5.0
Q180969|Q188444|,,,,2.0
Q180969|Q188444|Q42989|,,,,1.0
Q180969|Q190549|,,,,1.0
Q180969|Q3968|,,,,3.0
Q180969|Q3968|Q1166618|,,,,1.0
Q180969|Q3968|Q12479|Q42989|,,,,1.0
Q180969|Q3968|Q7754|Q8087|Q12479|,,,,1.0
Q180969|Q42989|,,,,3.0
Q180969|Q727659|,,,,2.0
Q180969|Q7754|,,,,1.0
Q180969|Q7754|Q8087|Q42989|,,,,1.0
Q180969|Q8087|,,,,1.0
Q180969|Q874429|,,,,2.0
Q181014|,,,,1.0
Q181043|,,,1.0,
Q181043|Q1476215|,,,,1.0
Q181648|,,,,2.0
Q181790|Q5469977|Q605816|Q194302|,,,,1.0
Q1817983|,,,,1.0
Q1817983|Q783874|,,,,1.0
Q182468|,,,,1.0
Q182557|Q538722|Q1194674|,,,,1.0
Q18281|,,,1.0,
Q18334|,,,2.0,3.0
Q18336|,,,,1.0
Q183410|,,,1.0,
Q18346|Q18334|,,,,1.0
Q183605|,,,,1.0
Q183888|,,,,2.0
Q183904|,,,1.0,1.0
Q184274|Q5862903|Q7754|,,,,1.0
Q184296|,,,2.0,2.0
Q184485|,,,,1.0
Q184485|Q590870|,,,,1.0
Q184524|,,,,2.0
Q184524|Q1368144|,,,,1.0
Q184524|Q8091|,,,,1.0
Q1845|,,,,1.0
Q184890|Q4204600|,,,,1.0
Q185217|,,,,1.0
Q18524075|,,,,1.0
Q185264|,,,1.0,2.0
Q185278|,,,,1.0
Q185351|,,,,2.0
Q185973|,1.0,,1.0,1.0
Q186030|,,,1.0,1.0
Q186075|,,,,1.0
Q1860|,,,,1.0
Q186386|,,,,2.0
Q186579|,,,,1.0
Q186579|Q131539|Q1026962|Q52|Q4557697|,,,1.0,
Q18692672|,,,,1.0
Q18694550|,,,,2.0
Q18694550|Q1208658|,,,,1.0
Q187657|,,,,1.0
Q187791|,,,,1.0
Q187916|,,,,1.0
Q188391|,,,1.0,
Q188444|,,,,53.0
Q188444|Q12479|,,,,3.0
Q188444|Q12482|,,,,1.0
Q188444|Q1783542|,,,,1.0
Q188444|Q181207|Q1165883|,,,,1.0
Q188444|Q42989|,,,,6.0
Q188444|Q8087|,,,,6.0
Q188444|Q8087|Q42989|,,,,1.0
Q188444|Q874429|,,,,2.0
Q188444|Q874429|Q42989|,,,,1.0
Q188449|,,,,2.0
Q188462|,,,,1.0
Q188504|,,,1.0,
Q188504|Q482|,,,,1.0
Q188584|,,,,1.0
Q1887229|,,,,1.0
Q188867|,,,,1.0
Q1889|,,,,5.0
Q189049|Q22649|,,,,1.0
Q189177|,,,,1.0
Q189380|,,,,1.0
Q189459|,,,,1.0
Q189603|,,,,1.0
Q1898464|Q180046|,,,,1.0
Q1899943|,,,,1.0
Q190117|,,,,2.0
Q190117|Q2876213|,,,,1.0
Q190375|Q23404|,,,,1.0
Q190549|,,,1.0,16.0
Q190549|Q1166618|Q467606|,,,,1.0
Q190549|Q42989|,,,,1.0
Q190549|Q5862903|,,,,1.0
Q190549|Q595364|Q12482|Q1198874|Q5498822|Q44455|Q606855|,,,,1.0
Q190549|Q8087|,,,,1.0
Q190979|,,,1.0,1.0
Q190993|,,,1.0,3.0
Q191069|,,,1.0,
Q191159|,,,,1.0
Q191163|,,,23.0,561.0
Q191163|Q158607|,,,,2.0
Q191163|Q16875712|,,,,1.0
Q191163|Q170571|,,,2.0,16.0
Q191163|Q179232|,,,,1.0
Q191163|Q214127|,,,,1.0
Q191163|Q2302151|,,,,1.0
Q191529|,,,,1.0
Q191600|,,,,1.0
Q191633|,,,,1.0
Q1916396|,,,1.0,1.0
Q1920065|,,,2.0,
Q192296|,,,1.0,
Q192296|Q184296|,,,1.0,
Q192431|,,,3.0,7.0
Q1924856|,,,,1.0
Q192520|,,,,1.0
Q192658|Q375560|,,,,1.0
Q192694|,,,,1.0
Q192781|,,,,1.0
Q192781|Q201486|,,,,1.0
Q192890|,,,,1.0
Q1930187|,,,,1.0
Q1930187|Q22667|Q1392297|,,,,1.0
Q193104|Q16525233|,,,,1.0
Q193104|Q9603|,,,,1.0
Q193391|,,,,39.0
Q193391|Q36180|,,,,2.0
Q193391|Q82955|,,,,9.0
Q193391|Q82955|Q36180|,,,,1.0
Q1935974|,,,,1.0
Q193606|,,,,1.0
Q193606|Q186424|,,,,1.0
Q193692|,,,,1.0
Q193756|Q188444|Q216861|,,,,1.0
Q193756|Q7754|,,,,1.0
Q194105|,,,,1.0
Q194294|,,,17.0,79.0
Q1944407|,,,,1.0
Q195|,,,,2.0
Q1962682|,,,1.0,
Q1971426|,,,,1.0
Q19786|,,,,1.0
Q1979615|,,,,1.0
Q19814|,,,1.0,
Q19860|,,,,1.0
Q1987815|,,,,1.0
Q199655|,,,1.0,
Q1999841|Q9603|,,,,1.0
Q2001702|,,,,1.0
Q2002157|Q1581290|Q123637|,,,,1.0
Q200333|,,,,1.0
Q200639|,,,,1.0
Q201022|,,,,1.0
Q201486|Q59115|Q1332231|,,,,1.0
Q201788|,,,,3.0
Q201788|Q17167049|Q82955|,,,,1.0
Q201965|,,,,1.0
Q2024068|Q484181|,,,,1.0
Q20266330|,,,,1.0
Q202866|Q11424|Q41466|,,,,1.0
Q203209|,,,,2.0
Q203209|Q1569950|,,,,1.0
Q203209|Q422635|,,,,1.0
Q203209|Q843393|,,,,1.0
Q203549|Q1750812|,,,,1.0
Q203605|,,,,1.0
Q203605|Q1729207|,,,,1.0
Q204100|Q162145|Q216545|Q185698|,,,1.0,
Q2043282|,,,1.0,
Q204481|,,,,1.0
Q2045692|,,,,1.0
Q205204|,,,1.0,
Q20532|,,,,2.0
Q2053|Q2115|Q2078|Q1124477|,,,,1.0
Q2066131|,,,1.0,7.0
Q2068526|Q1154615|Q7617810|,,,,1.0
Q207011|,,,,1.0
Q207628|,,,,1.0
Q208217|,,,,1.0
Q208217|Q58854|,,,,1.0
Q208365|,,,,1.0
Q208505|Q193606|,,,,1.0
Q2085381|,,,,1.0
Q208554|,,,,1.0
Q2090950|Q179465|,,,,1.0
Q209295|,,,,1.0
Q209402|Q908902|Q735188|Q7100|,,,1.0,
Q210189|Q189280|,,,,1.0
Q210701|Q50675|,,,,1.0
Q211155|Q334734|Q271008|,,,1.0,
Q211248|,,,,1.0
Q211500|,,,,1.0
Q2115|Q32110|Q850661|Q16340|Q16342|,,,,1.0
Q2117603|,,,,1.0
Q211773|,,,,1.0
Q21198|,,,3.0,48.0
Q21198|Q189447|,,,,1.0
Q21198|Q197536|Q11660|,,,,1.0
Q21198|Q2493|,,,,1.0
Q21201|,,,1.0,5.0
Q212024|,,,,1.0
Q212036|,,,,1.0
Q212105|Q11248882|,1.0,,,
Q212238|,,,,1.0
Q212238|Q11424|,,,,1.0
Q212431|Q11634|,,,1.0,
Q212431|Q1421557|,,,,1.0
Q212431|Q6805456|,,,,1.0
Q212431|Q682010|,,,,1.0
Q212685|,,,,1.0
Q212803|,,,,1.0
Q212803|Q217413|,,,,1.0
Q212805|,,,,1.0
Q212944|,,,1.0,
Q212948|,,,1.0,
Q213156|,,,2.0,1.0
Q213156|Q682010|Q212431|,,,1.0,
Q2133414|,,,,1.0
Q213369|,,,,2.0
Q2135597|Q15982348|Q15982362|Q15982298|,,,,1.0
Q214028|,,,,1.0
Q214102|,,,,1.0
Q214255|,,,1.0,2.0
Q214267|,,,,2.0
Q2142888|,,,,1.0
Q2143884|,,,,1.0
Q214781|Q8434|,,,1.0,
Q214917|,,,,1.0
Q214917|Q6625963|,,,,1.0
Q216033|,,,,1.0
Q216053|,,,1.0,
Q216685|,,,,2.0
Q216866|,,,1.0,
Q217406|,,,,1.0
Q217413|,,,,1.0
Q2175941|,,,,1.0
Q2176252|,,,,1.0
Q219087|,,,1.0,
Q219477|,,,,1.0
Q219488|,,,1.0,
Q219611|,,,,1.0
Q219611|Q560575|,,,,1.0
Q219625|,,,2.0,1.0
Q2215841|,,,,1.0
Q222749|,,,3.0,
Q222749|Q11635|,,,,1.0
Q223569|Q17898|Q171899|Q131572|Q181784|Q8458|Q7174|Q242352|Q41397|Q181648|,,,1.0,
Q223569|Q185387|,,,1.0,
Q2235851|Q428691|,,,,1.0
Q2248246|,,,,1.0
Q2259451|Q10800557|,,,1.0,
Q22651|,,,,1.0
Q22667|,,,,2.0
Q22671|,,,,3.0
Q22671|Q26371|,,,,1.0
Q226730|,,,,1.0
Q22688|,,,,2.0
Q22688|Q285950|,,,,1.0
Q22719|,,,,2.0
Q227870|,,,,2.0
Q2283|,,,,1.0
Q228736|,,,,1.0
Q228736|Q321150|,,,,1.0
Q2294553|,,,,1.0
Q2302151|,,,,1.0
Q2306877|,,,,1.0
Q2310752|,,,1.0,1.0
Q231250|,,,1.0,
Q231425|,,,,1.0
Q231425|Q336103|,,,1.0,
Q2329|,,,1.0,5.0
Q2329|Q7094|,,,1.0,
Q23404|,,,1.0,2.0
Q23407|Q9465|Q484761|,,,1.0,
Q2341579|Q131165|,,,,1.0
Q2346|,,,1.0,4.0
Q234881|Q18334|Q606855|,,,,1.0
Q23498|,,,,7.0
Q235007|,,,,1.0
Q235258|Q2737409|Q335414|Q309|,,,,1.0
Q2352880|,,,,1.0
Q2353296|,,,,1.0
Q235329|,,,,1.0
Q236122|,,,,2.0
Q236122|Q737201|Q1133779|,,,,1.0
Q237200|,,,,1.0
Q2381394|,,,,1.0
Q238170|Q54505|,,,,1.0
Q2382339|,,,,1.0
Q238533|Q204680|Q50675|,,,,1.0
Q2386424|,,,,1.0
Q238651|,,,1.0,
Q2404296|,,,,1.0
Q2405480|,,,18.0,9.0
Q2405480|Q27939|,,,1.0,
Q242446|,,,,1.0
Q243264|,,,1.0,
Q243551|,,,,1.0
Q244475|,,,,3.0
Q245068|,,,,2.0
Q2487696|,,,,1.0
Q24925|,,,,2.0
Q250867|,,,,1.0
Q2516866|Q37226|,,,,1.0
Q2520728|,,,,1.0
Q25261|,,,,1.0
Q2526255|,,,,1.0
Q25312|,,,,2.0
Q25324|,,,1.0,
Q25326|,,,,1.0
Q25372|,,,,1.0
Q253854|,,,,1.0
Q2539|,,,1.0,
Q2540376|Q7278|,,,,1.0
Q254651|Q11900058|,,,,1.0
Q25814|,,,,1.0
Q258212|,,,,1.0
Q2583784|,,,,1.0
Q2599593|,,,,1.0
Q262283|Q1206081|Q182357|Q25372|,,,,1.0
Q2624777|,,,,1.0
Q2669169|,,,,1.0
Q268416|,,,,1.0
Q269323|,,,,1.0
Q26939|,,,,1.0
Q269915|,,,,1.0
Q2707485|,,,,1.0
Q271008|,,,1.0,1.0
Q271008|Q191691|,,,,1.0
Q271588|,,,1.0,1.0
Q27183|,,,1.0,
Q271977|,,,1.0,23.0
Q271977|Q12479|,,,,2.0
Q271977|Q44455|Q188444|,,,,1.0
Q2721171|,,,,1.0
Q272576|,1.0,,,
Q2732142|Q201788|,,,,1.0
Q273623|Q943365|,,,,1.0
Q2736|,,,,5.0
Q2737409|,,,1.0,8.0
Q2737409|Q12818349|Q280817|,,,,1.0
Q2737409|Q243551|,,,,1.0
Q2737409|Q3046554|,,,,1.0
Q2737409|Q335414|,,,,1.0
Q2737409|Q484181|,,,,5.0
Q2737409|Q484181|Q335414|,,,,1.0
Q2737409|Q484181|Q9603|,,,,1.0
Q2737409|Q8473|,,,,1.0
Q27387|,,,,1.0
Q2747152|,,,,1.0
Q2747152|Q847486|,,,,1.0
Q2747862|,,,,1.0
Q275396|,,,1.0,
Q2762504|,,,1.0,
Q2763|,,,1.0,2.0
Q276412|,,,,1.0
Q27654|,,,,2.0
Q27654|Q181207|,,,,1.0
Q27654|Q491412|,,,,1.0
Q27654|Q596284|Q9471|Q484761|,,,1.0,
Q2767140|,,,,1.0
Q27686|Q2876213|,,,,1.0
Q27890|Q484591|Q495304|Q36180|,,,,1.0
Q27908|Q765778|Q3772686|,,,1.0,
Q27939|,,,,1.0
Q280817|Q335414|Q193104|,,,,1.0
Q280817|Q482|Q8091|Q8087|Q8078|,,,,1.0
Q28161|,,,,1.0
Q282129|,,,,1.0
Q282129|Q17279581|,,,,1.0
Q2823717|,,,,1.0
Q282503|,,,,1.0
Q28319|,,,,6.0
Q2839016|Q191163|,,,,1.0
Q2840|,,,,1.0
Q2855609|,,,2.0,
Q2860334|,,,,1.0
Q2878974|,,,,1.0
Q28793|,,,,1.0
Q2882201|,,,,1.0
Q2891147|,,,,1.0
Q2898215|,,,,1.0
Q2916094|,,,,1.0
Q2922870|,,,,1.0
Q2944277|,,,,1.0
Q295031|,,,,1.0
Q29583|,,,1.0,2.0
Q2962928|,,,,1.0
Q2964004|Q2024794|,,,,1.0
Q296955|,,,1.0,
Q297672|,,,,1.0
Q29|,,,,1.0
Q3002818|Q1089246|,,,,1.0
Q3014296|,,,,9.0
Q301751|Q59104|,,,,1.0
Q30185|,,,,1.0
Q3043093|,,,1.0,
Q306786|,,,1.0,
Q308876|,,,,1.0
Q308966|,,,1.0,
Q309901|Q54837|Q2115|,,,1.0,
Q309|,,,3.0,16.0
Q309|Q12544|,,,1.0,
Q309|Q335414|Q2737409|Q484181|Q16525233|,,,,1.0
Q309|Q36279|,,,1.0,
Q309|Q47555|Q166542|Q7163|,,,,1.0
Q309|Q9585|,,,,1.0
Q30|,,,,1.0
Q31207|,,,1.0,
Q3136561|Q27509|Q900636|,,,1.0,
Q3137038|Q1062194|,,,,1.0
Q3151629|,,,1.0,
Q31728|,,,,2.0
Q3177899|,,,1.0,
Q31920|,,,2.0,2.0
Q31987|,,,1.0,
Q3242115|,,,1.0,
Q324326|,,,,1.0
Q32485|,,,1.0,
Q3254959|Q48277|Q5127848|Q4042967|,,,1.0,
Q327358|,,,,1.0
Q3281534|Q5308718|,,,,1.0
Q3282637|,,,1.0,7.0
Q328716|,,,,1.0
Q3305213|,,,2.0,
Q3305213|Q178659|,,,,1.0
Q331563|,,,,1.0
Q33198|Q234181|,,,,1.0
Q33231|,,,,1.0
Q333018|,,,,1.0
Q33322|,,,1.0,
Q333458|,,,1.0,
Q333|,,,,2.0
Q333|Q1071|,,,,1.0
Q333|Q395|,,,,4.0
Q33527|,,,1.0,
Q335414|,,,,4.0
Q335414|Q2737409|Q8091|Q194380|Q482|,,,,1.0
Q335414|Q484181|Q1817983|,,,,1.0
Q335414|Q484181|Q2321196|,,,,1.0
Q335638|,,,,1.0
Q337935|Q1546695|,,,1.0,
Q338292|,,,1.0,
Q338450|,,,1.0,6.0
Q33999|Q36180|Q1248362|Q177220|Q706364|,,,,1.0
Q34178|,,,,10.0
Q34178|Q50641|,,,,1.0
Q34178|Q5891|,,,,1.0
Q34187|,,,,1.0
Q3429919|,,,,1.0
Q34362|,,,,3.0
Q34362|Q11190|,,,,1.0
Q34362|Q8162|,,,,1.0
Q3462602|,,,,1.0
Q3475773|Q597136|,,,,1.0
Q3479346|Q178678|,,,,1.0
Q3487504|Q13346998|,,,,1.0
Q3490828|,,,,1.0
Q349|,,,,2.0
Q35069|Q7252|,,,1.0,
Q3510521|,,,,2.0
Q3510521|Q376934|Q13379990|,,,,1.0
Q3510812|,,,,1.0
Q3514338|,,,,1.0
Q3516404|Q499578|,,,,1.0
Q351853|,,,,1.0
Q351870|,,,,1.0
Q35277|Q209295|Q102686|Q40634|,,,,1.0
Q35277|Q23407|Q9471|,,,,1.0
Q35277|Q35986|Q9465|,,,,1.0
Q35277|Q59115|,,,,1.0
Q35277|Q9465|,,,,1.0
Q35277|Q9471|,,,,1.0
Q352842|,,,,1.0
Q35395|,,,1.0,2.0
Q354034|,,,,1.0
Q354963|,,,,1.0
Q3565868|Q101333|,,,,1.0
Q35911|,,,,4.0
Q3592876|,,,,1.0
Q35986|Q41630|Q9465|Q7163|,,,,1.0
Q35986|Q484761|,,,,1.0
Q35986|Q8078|,,,,1.0
Q36180|,8.0,,47.0,485.0
Q36180|Q1235146|Q11633|Q131183|,,,,1.0
Q36180|Q1607826|,,,,1.0
Q36180|Q49757|,,,1.0,
Q361|,,,,1.0
Q362|,,,,1.0
Q362|Q2763|,,,,1.0
Q3632898|,,,,1.0
Q3634677|,,,1.0,
Q36389|,,,,1.0
Q36442|,,,,4.0
Q36649|,,,,2.0
Q36649|Q82604|,,,,1.0
Q3665646|,,,,2.0
Q3674739|,,,,1.0
Q36834|Q3922505|,,,,1.0
Q36834|Q639669|Q158852|,,,,1.0
Q368498|,,,,1.0
Q37038|,,,,1.0
Q37045|,,,,1.0
Q37073|,,,1.0,1.0
Q37137|,,,1.0,
Q37156|,,,,1.0
Q37260|,,,14.0,142.0
Q37260|Q11424|,,,,2.0
Q37260|Q185917|,,,,1.0
Q37260|Q27939|Q40831|,,,,1.0
Q37260|Q706364|,,,,1.0
Q37260|Q7163|,,,,1.0
Q373065|Q2006230|,,,,1.0
Q3730761|Q983987|,,,1.0,
Q373557|Q221618|,,,1.0,
Q37437|Q39645|Q60195|,,,,1.0
Q37547|,,,,1.0
Q37547|Q104499|Q3798668|,,,,1.0
Q3764113|Q41425|,,,,1.0
Q37868|,,,,1.0
Q378789|,,,1.0,
Q379755|,,,,2.0
Q3798668|,,,,6.0
Q3798668|Q309|,,,,1.0
Q3798668|Q43035|,,,,1.0
Q380274|Q237151|,,,,1.0
Q380313|Q2122746|,,,,1.0
Q380669|Q1777205|,,,,1.0
Q38066|Q179235|,,,,1.0
Q38112|,,,,3.0
Q38112|Q720362|Q36963|,,,,1.0
Q385378|,,,,2.0
Q385378|Q7163|,,,,1.0
Q38867|,,,,1.0
Q39286|,,,,22.0
Q39286|Q864191|,,,,1.0
Q39427|,,,1.0,
Q395|,,,1.0,
Q395|Q333|,,,,4.0
Q395|Q41217|Q413|,,,,1.0
Q396077|,,,,1.0
Q396198|,,,,1.0
Q39631|,,,19.0,398.0
Q39631|Q3243461|,,,,1.0
Q39680|Q160039|Q28161|Q861689|,,,,1.0
Q3968|,,,4.0,49.0
Q3968|Q12479|,,,,7.0
Q3968|Q12482|,,,,2.0
Q3968|Q159943|,,,1.0,
Q3968|Q188444|,,,,1.0
Q3968|Q42989|,,,,3.0
Q3968|Q5862903|,,,,1.0
Q3968|Q5862903|Q847526|,,,,1.0
Q3968|Q595364|,,,,2.0
Q3968|Q727659|Q180969|Q874429|Q5994637|,,,,1.0
Q3968|Q76592|,,,1.0,2.0
Q3968|Q76592|Q12479|,,,,1.0
Q3968|Q76592|Q467606|,,,,1.0
Q3968|Q76592|Q874429|,,,,1.0
Q3968|Q7754|Q190549|,,,,1.0
Q3968|Q7754|Q190549|Q5862903|Q12482|,,,,1.0
Q3968|Q8087|,,,,3.0
Q3968|Q874429|,,,,5.0
Q3968|Q8789|Q8087|,,,,1.0
Q3972943|,,,,2.0
Q397|Q1163234|Q184524|Q184890|,,,,1.0
Q39809|Q1916399|,,,,1.0
Q39809|Q202833|,,,,1.0
Q3997704|Q18535|,,,,1.0
Q4006|Q309|Q2128336|,,,,1.0
Q40203|,,,1.0,
Q4021|,,,1.0,
Q40348|,1.0,,,2.0
Q40348|Q82955|,,,,1.0
Q4056436|,,,,2.0
Q40634|,,,,1.0
Q40634|Q41217|,,,,1.0
Q407784|Q835792|Q161272|Q867634|,,,,1.0
Q40821|,,,,1.0
Q40831|,,,,1.0
Q41083|,,,,1.0
Q411398|Q324089|,,,,1.0
Q411|,,,,1.0
Q41217|Q156495|Q7754|,,,,1.0
Q41217|Q638|Q482|,,,,1.0
Q4122235|Q219186|Q1752579|,,,,1.0
Q412798|,,,,1.0
Q41323|,,,,2.0
Q413|,,,,11.0
Q413|Q2329|,,,,1.0
Q413|Q7163|,,,,1.0
Q41493|,,,2.0,11.0
Q41630|,,,2.0,
Q4164507|,,,,1.0
Q4175034|,,,,1.0
Q41767|,,,,1.0
Q41923|,,,,1.0
Q41|Q23522|,,,,1.0
Q4204133|,,,,2.0
Q420732|,,,,1.0
Q420|,,,1.0,1.0
Q42250|,,,,1.0
Q42388|,,,,2.0
Q424381|,,,,1.0
Q42486|,,,,1.0
Q42515|Q2365406|Q690256|,,,,1.0
Q42515|Q333|,,,,1.0
Q42603|Q36180|,,,,1.0
Q42934|,,,,1.0
Q4294702|,,,1.0,
Q42989|,,,11.0,140.0
Q42989|Q5957770|Q849798|,,,,1.0
Q43015|Q7163|,,,,1.0
Q43035|,,,,3.0
Q43035|Q1529430|,,,,1.0
Q43035|Q184199|,,,,1.0
Q43035|Q4671162|,,,,1.0
Q43114|,,,,1.0
Q43183|,,,,2.0
Q432386|,,,,2.0
Q43290|,,,,1.0
Q43290|Q123006|,,,,1.0
Q43343|,,,1.0,
Q43450|,,,,2.0
Q43518|,,,,2.0
Q43518|Q474200|,,,,1.0
Q4356367|Q209295|Q8018|Q182603|Q748|,,,,1.0
Q4356367|Q9471|Q484761|Q1275120|Q16966481|,,,,1.0
Q437112|Q1078913|,,,,1.0
Q437112|Q9134|,,,,1.0
Q4387417|,,,,1.0
Q4394526|,,,,3.0
Q441|,,,,2.0
Q441|Q191163|Q132311|Q2839016|,,,,1.0
Q441|Q7175|Q431|,,,,1.0
Q441|Q719725|,,,1.0,
Q44294|,,,,1.0
Q443153|,,,1.0,2.0
Q44455|,,,,1.0
Q44455|Q12479|,,,,1.0
Q44497|,,,1.0,
Q44631|,,,1.0,
Q44703|,,,,1.0
Q4488757|,,,,1.0
Q4508|,,,,1.0
Q4530482|,,,1.0,
Q4539|,,,,1.0
Q4543|,,,3.0,4.0
Q455928|,,,1.0,1.0
Q45621|,,,1.0,
Q459042|,,,,2.0
Q459042|Q207011|,,,1.0,
Q459042|Q3937904|Q9174|Q105985|,,,1.0,
Q4610556|,,,1.0,
Q461659|Q745692|,,,,1.0
Q465352|,,,,1.0
Q467606|,,,,16.0
Q467606|Q12482|,,,,3.0
Q467606|Q12482|Q1166618|,,,,1.0
Q467606|Q12482|Q44325|,,,,1.0
Q467606|Q1636734|,,,,1.0
Q4698539|,,,,1.0
Q471872|,,,,1.0
Q47307|,,,,2.0
Q47307|Q18336|,,,,1.0
Q47307|Q494452|Q139106|,,,,1.0
Q47417|Q39680|,,,,1.0
Q47555|,,,,1.0
Q47555|Q47398|,,,,1.0
Q477248|,,,,1.0
Q4783125|,,,,1.0
Q4785493|,,,,1.0
Q478679|,,,,1.0
Q47883|,,,,1.0
Q47928|,,,,4.0
Q48196|,,,1.0,
Q482752|Q484181|,,,,1.0
Q482919|,,,,1.0
Q482919|Q1027879|,,,,1.0
Q482980|,,,,1.0
Q482980|Q37226|,,,,1.0
Q482|,,,11.0,55.0
Q482|Q1058629|,,,,1.0
Q482|Q1143847|,,,,1.0
Q482|Q185917|Q5898147|,,,,1.0
Q482|Q395|Q333|,,,,1.0
Q482|Q58854|,,,,1.0
Q482|Q676|Q7553|,,,,1.0
Q482|Q8242|Q11635|Q7553|,,,,1.0
Q48301|Q7264|Q9465|Q9471|Q35277|,,,,1.0
Q483396|,,,,1.0
Q483501|,,,1.0,
Q484181|,,,,11.0
Q484181|Q1172458|,,,,1.0
Q484181|Q2321196|Q13955|,,,,1.0
Q484181|Q2737409|,,,,9.0
Q484181|Q2737409|Q235258|,,,,1.0
Q484181|Q2737409|Q335414|,,,,1.0
Q484181|Q2737409|Q335414|Q309|,,,,1.0
Q484181|Q2737409|Q642379|,,,,1.0
Q484181|Q335414|,,,,4.0
Q484181|Q335414|Q2737409|Q16525233|,,,,1.0
Q484181|Q3552726|Q280817|,,,,1.0
Q484181|Q7163|,,,,1.0
Q484181|Q9603|,,,,1.0
Q484181|Q9603|Q280817|,,,,1.0
Q484591|,,,,3.0
Q484692|,,,1.0,
Q484761|Q9465|,,,,1.0
Q484847|Q22688|,,,,1.0
Q4853732|,,,1.0,
Q485|,,,,1.0
Q4868296|,,,,1.0
Q489119|,,,,1.0
Q49084|,,,,2.0
Q492264|,,,,2.0
Q492264|Q612024|Q1065742|,,,,1.0
Q4932206|,,,,2.0
Q4932206|Q36442|,,,,1.0
Q4932206|Q7163|,,,,1.0
Q49496|Q1233720|Q379321|,,,,1.0
Q495304|,,,1.0,1.0
Q495527|,,,,2.0
Q495527|Q34726|,,,,1.0
Q4964182|,,,,1.0
Q49757|,,,,2.0
Q49780|,,,,3.0
Q499578|,,,,1.0
Q50030|,,,1.0,
Q50030|Q133036|,,,1.0,
Q50030|Q93184|,,,1.0,
Q502038|Q338|,,,,1.0
Q503892|,,,,1.0
Q504033|,,,,1.0
Q5043|Q276258|Q829183|Q75809|Q9174|Q9465|Q34178|,,,1.0,
Q50636|,,,,1.0
Q50637|,,,1.0,11.0
Q50641|,,,1.0,1.0
Q50675|Q395|,,,,1.0
Q506858|,,,,1.0
Q50776|,,,,1.0
Q508969|Q190539|Q1455196|,,,1.0,
Q5098980|,,,1.0,
Q510487|,,,,1.0
Q5113|Q473236|Q191163|,,,,1.0
Q514|Q25261|,,,,1.0
Q515546|,,,,1.0
Q5165035|Q11042|Q7163|Q1195695|Q301751|Q735|Q34187|Q29051|Q223569|Q17898|Q8458|,,,,1.0
Q51739|,,,1.0,
Q5200157|,,,1.0,
Q52106|,,,,1.0
Q52107|Q8072|Q83471|Q4022|Q11473|Q60186|,,,1.0,
Q52139|,,,1.0,1.0
Q52|Q460162|Q166788|Q204686|Q439072|Q738680|Q565|Q486761|Q148499|Q627767|,,,,1.0
Q5306056|Q200751|Q790192|Q11425|,,,,1.0
Q5308718|,,,2.0,21.0
Q5308718|Q17358606|,,,,1.0
Q53121|,,,,4.0
Q5334416|,,,,1.0
Q53706|,,,,1.0
Q5375|,,,,2.0
Q5378|,,,,1.0
Q5378|Q765633|,,,,1.0
Q538925|,,,,1.0
Q539918|Q82245|Q395|,,,,1.0
Q540912|,,,1.0,1.0
Q5446356|,,,1.0,
Q54505|,,,1.0,1.0
Q5451|Q205204|,,,1.0,
Q5465542|,,,1.0,
Q547546|,,,,1.0
Q5482740|,,,,1.0
Q54837|,,,,1.0
Q54837|Q1412694|,,,,1.0
Q54837|Q515701|Q638608|Q7449091|,,,,1.0
Q54837|Q515701|Q7449091|Q638608|Q7444975|Q456632|,,,,1.0
Q54837|Q816826|Q7449091|Q21198|Q192060|Q676880|Q80993|Q131164|,,,1.0,
Q54925|,,,,1.0
Q54969|,,,,1.0
Q5498822|,,,,1.0
Q550258|,,,,1.0
Q5569949|,,,1.0,
Q560575|,,,,2.0
Q5641|Q22667|,,,,1.0
Q564805|Q744448|Q1667430|,,,,1.0
Q5689659|,,,,1.0
Q5697103|,,,,1.0
Q570018|,,,,1.0
Q570018|Q190721|Q102686|,,,,1.0
Q576342|,,,2.0,
Q579978|,,,,1.0
Q580689|,,,,1.0
Q583271|,,,,1.0
Q583336|,,,,1.0
Q5849|,,,,1.0
Q5849|Q10962|,,,,1.0
Q5862903|,,,2.0,122.0
Q5862903|Q12479|,,,,2.0
Q5862903|Q12479|Q33521|Q1257115|,,,,1.0
Q5862903|Q12479|Q847526|,,,,1.0
Q5862903|Q188444|,,,,1.0
Q5862903|Q188444|Q12479|,,,,1.0
Q5862903|Q2221775|Q1154848|,,,,1.0
Q5862903|Q76592|,,,,1.0
Q5862903|Q76592|Q131476|Q12479|,,,,2.0
Q5862903|Q847526|,,,,3.0
Q58734|Q167676|Q483666|Q381624|Q2346|Q2611095|,,,,1.0
Q58854|,,,,1.0
Q5891|,,,2.0,7.0
Q5891|Q156362|,,,,1.0
Q5891|Q21201|,,,,2.0
Q5891|Q668460|,,,,1.0
Q5891|Q74950|,,,,1.0
Q5891|Q8078|,,,,1.0
Q5891|Q81244|,,,1.0,
Q589518|,,,,1.0
Q590870|,,,5.0,9.0
Q59157|,,,,1.0
Q5915991|,,,,1.0
Q5935105|,,,,1.0
Q593644|,,,,2.0
Q5950039|,,,,1.0
Q595364|,,,,8.0
Q595364|Q1166618|Q467606|Q42989|,,,,1.0
Q595364|Q42989|,,,,2.0
Q59774|,,,,1.0
Q599991|Q514|,,,,1.0
Q60242|,1.0,,,
Q603399|,,,,1.0
Q6060491|,,,1.0,
Q607081|Q178803|,,,,1.0
Q611711|,,,1.0,
Q6138343|,,,,1.0
Q61509|Q112983|Q8261|,,,1.0,
Q615498|,,,1.0,2.0
Q617793|,,,,1.0
Q6199|,,,,2.0
Q622425|,,,,1.0
Q622512|,,,1.0,
Q622662|,,,,1.0
Q622812|,,,,1.0
Q623538|,,,,1.0
Q624044|,,,,1.0
Q6241|,,,,2.0
Q625510|,,,1.0,
Q627603|,,,,1.0
Q631521|,,,1.0,
Q633683|,1.0,,,
Q637284|,,,,2.0
Q638|,1.0,,4.0,22.0
Q638|Q1746926|,,,,1.0
Q638|Q9730|,,,,1.0
Q639493|Q7163|,,,1.0,
Q639669|,,,,1.0
Q640037|Q318438|Q5986917|,,,,1.0
Q640068|,,,,1.0
Q6408486|,,,,1.0
Q6420782|Q212944|,,,,1.0
Q644522|,,,,2.0
Q647525|Q1045712|,,,,1.0
Q648154|Q119190|,,,,1.0
Q6495391|,,,14.0,74.0
Q6495391|Q166542|,,,,1.0
Q6497044|,,,,1.0
Q6501221|Q149999|,,,,1.0
Q6502154|,,,,2.0
Q650483|,,,1.0,
Q652|Q238499|Q19814|Q74217|Q6689|,,,,1.0
Q653368|,,,,1.0
Q6534|Q44197|,,,,1.0
Q6554075|Q8434|,,,,1.0
Q6583695|,,,,1.0
Q65955|,,,1.0,
Q660910|,,,,1.0
Q660910|Q170978|,,,,1.0
Q6657015|,,,,1.0
Q668460|,,,,1.0
Q6689|Q2247727|Q1361756|Q1061140|Q766221|,,,,1.0
Q6689|Q7199|,,,,1.0
Q672598|,,,,1.0
Q674684|,,,,1.0
Q6774721|,,,,1.0
Q678363|,,,,2.0
Q679842|,,,,1.0
Q680004|Q11755949|,,,,1.0
Q682010|,,,1.0,1.0
Q682010|Q212431|Q213156|Q11633|Q93184|Q4796999|Q11634|Q683794|,,,1.0,
Q682558|,,,1.0,
Q688335|,,,,1.0
Q6886791|Q6159053|,,,,1.0
Q690068|Q69883|,,,1.0,
Q692218|,,,,1.0
Q692|,,,,1.0
Q6981670|,,,1.0,1.0
Q69883|,,,,1.0
Q708312|,,,,1.0
Q7094|,,,1.0,4.0
Q7094|Q7162|Q7202|,,,,1.0
Q7094|Q7202|Q7141|,,,1.0,
Q7108|,,,1.0,
Q7141|Q10908|Q10811|,,,1.0,
Q7150|,,,,2.0
Q7162115|Q158607|,,,,1.0
Q7162|,,,,1.0
Q7163|,,,7.0,20.0
Q7163|Q1857766|Q8242|,,,1.0,
Q7163|Q28545|,,,,1.0
Q7163|Q34178|Q9603|,,,,1.0
Q7163|Q3502712|,,,,1.0
Q7163|Q4488757|,,,,1.0
Q7163|Q483501|,,,,1.0
Q7163|Q7748|,,,,1.0
Q7163|Q8473|Q12818349|,,,,1.0
Q7167|,,,,1.0
Q7168|Q131683|,,,,1.0
Q7173|,,,1.0,
Q7175|,,,,1.0
Q7181|Q12831143|,,,,1.0
Q718|,,,,1.0
Q7201504|,,,,1.0
Q7202|,,,1.0,
Q7202|Q192275|Q920846|Q1074953|Q826582|,,,,1.0
Q7205|,,,,4.0
Q7205|Q785301|,,,,1.0
Q72142|,,,,1.0
Q7215|,,,,1.0
Q7215|Q6896043|,,,,1.0
Q7245788|,,,,1.0
Q72468|,,,,1.0
Q7252|,,,5.0,
Q7252|Q7167|,,,1.0,
Q7257|Q36442|Q1143546|Q7264|Q28793|Q44325|Q41630|Q34178|,,,,1.0
Q727659|,,,,1.0
Q729426|Q1643884|,,,,1.0
Q735|,,,1.0,2.0
Q738680|Q914395|,,,,1.0
Q74217|Q238499|Q19814|,,,,1.0
Q742333|,,,,4.0
Q742963|,,,,1.0
Q7435316|,,,,1.0
Q744448|Q1667082|Q1596387|,,,,1.0
Q745328|,,,,1.0
Q745692|Q1620918|,,,,1.0
Q746359|,,,,2.0
Q746359|Q1415395|Q184485|Q625568|,,,1.0,
Q746656|,,,,1.0
Q747381|Q8274|,,,,1.0
Q747713|,,,,1.0
Q7478098|,,,1.0,
Q748|,,,,1.0
Q74950|Q37260|,,,1.0,
Q750955|,,,,1.0
Q752171|,,,,1.0
Q754803|,,,,1.0
Q755179|,,,,1.0
Q7553|,,,3.0,3.0
Q7567541|,,,1.0,
Q758871|,,,,1.0
Q7590|,,,,1.0
Q7590|Q13219330|,,,,1.0
Q763631|,,,1.0,
Q765633|,,,,5.0
Q76592|,,,3.0,90.0
Q76592|Q12479|,,,1.0,12.0
Q76592|Q12482|,,,,1.0
Q76592|Q131476|,,,2.0,18.0
Q76592|Q131476|Q12479|,,,,2.0
Q76592|Q131476|Q12482|,,,,1.0
Q76592|Q131476|Q1336170|,,,,1.0
Q76592|Q131476|Q2878974|,,,,1.0
Q76592|Q21198|Q333464|,,,,1.0
Q76592|Q42989|,,,,2.0
Q76592|Q595364|,,,,1.0
Q76592|Q8087|,,,,1.0
Q76592|Q8087|Q874429|Q42989|,,,,1.0
Q76592|Q874429|,,,1.0,5.0
Q768502|,,,,2.0
Q7707|,,,,1.0
Q771220|,,,,1.0
Q7737|,,,,1.0
Q7748|,1.0,,1.0,22.0
Q7754|,,,6.0,150.0
Q7754|Q1166618|,,,,1.0
Q7754|Q1166618|Q12482|Q42989|,,,,1.0
Q7754|Q12479|,,,,14.0
Q7754|Q131476|,,,,1.0
Q7754|Q188444|,,,,4.0
Q7754|Q190549|,,,,21.0
Q7754|Q190549|Q12479|,,,,1.0
Q7754|Q190549|Q271977|,,,,2.0
Q7754|Q190549|Q5862903|,,,,1.0
Q7754|Q190549|Q5862903|Q131476|,,,,1.0
Q7754|Q193756|,,,,1.0
Q7754|Q21198|,,,,1.0
Q7754|Q271977|,,,2.0,14.0
Q7754|Q271977|Q42989|,,,,1.0
Q7754|Q271977|Q5862903|,,,,1.0
Q7754|Q42989|,,,,5.0
Q7754|Q5862903|,,,,6.0
Q7754|Q5862903|Q1166618|,,,,1.0
Q7754|Q76592|,,,,1.0
Q7754|Q76592|Q12479|,,,,2.0
Q7754|Q76592|Q12482|Q1336170|,,,,1.0
Q7754|Q76592|Q188444|Q42989|,,,,1.0
Q7754|Q8087|,,,,3.0
Q7754|Q8087|Q12479|,,,,1.0
Q7754|Q8087|Q41217|,,,,1.0
Q7754|Q874429|,,,,1.0
Q77590|,,,,3.0
Q77590|Q811115|,,,1.0,
Q7778|,,,,1.0
Q7782227|Q223693|Q122976|Q353956|Q2494|,,,1.0,
Q7782365|Q3578586|Q603159|,,,,1.0
Q7787|Q12554|,,,1.0,
Q7794|Q384001|,,,,1.0
Q7794|Q50675|,,,,1.0
Q779924|,,,,1.0
Q7834111|,,,,1.0
Q785222|,,,,1.0
Q7856|,,,,1.0
Q7889|,1.0,,7.0,99.0
Q7889|Q3798668|Q170519|,,,,1.0
Q789523|,,,,2.0
Q7922|,,,,2.0
Q7922|Q156035|,,,,1.0
Q7922|Q4531151|,,,1.0,
Q79890|,,,,1.0
Q80006|,,,,1.0
Q803925|,,,,1.0
Q80687|,,,1.0,
Q8070591|,,,,1.0
Q8078|Q44325|Q183216|,,,,1.0
Q8078|Q467606|,,,,1.0
Q808561|,,,,2.0
Q8087|,,,1.0,97.0
Q8087|Q12479|,,,,6.0
Q8087|Q12479|Q36180|,,,,1.0
Q8087|Q177409|Q876215|,,,,1.0
Q8087|Q209306|Q5498822|Q2190991|,,,1.0,
Q8087|Q42989|,,,,8.0
Q8087|Q76592|Q1062839|,,,,1.0
Q8087|Q874429|,,,,1.0
Q80968|,,,,1.0
Q809831|Q193210|Q592031|Q1517295|,,,,1.0
Q81009|,,,,2.0
Q81058|,,,,2.0
Q81096|,,,,2.0
Q81096|Q5367|,,,,1.0
Q811092|,,,,1.0
Q81197|,,,,1.0
Q8134|,,,,2.0
Q8134|Q160039|,,,,1.0
Q8134|Q7748|,,,,1.0
Q815297|,,,,1.0
Q8161|,,,,1.0
Q8162|,,,2.0,
Q8162|Q9288|Q9129|,,,,1.0
Q816871|,,,,1.0
Q8242|,,,,4.0
Q8242|Q7553|,,,,1.0
Q825754|Q697205|,,,,1.0
Q82604|,,,,1.0
Q826582|,,,1.0,
Q8274|,,,6.0,3.0
Q828279|,,,,1.0
Q829348|,,,1.0,
Q82955|,1.0,,21.0,484.0
Q82955|Q1930187|,,,,1.0
Q82955|Q36180|,,,,10.0
Q82955|Q36180|Q11030|,,,,1.0
Q82955|Q40348|,,,,1.0
Q82972|Q831198|Q2708569|,,,,1.0
Q83168|,,,,1.0
Q831768|Q7123960|Q33296|,,,,1.0
Q83219|Q722507|Q14620|,,,,1.0
Q833065|,,,,3.0
Q83341|,,,,1.0
Q83357|,,,1.0,
Q83371|,,,,2.0
Q83371|Q606654|Q11650|,,,,1.0
Q8341|,,,,2.0
Q834903|Q1109432|,,,,1.0
Q835153|Q126945|Q1642137|Q779054|Q652297|Q1130519|,,,,1.0
Q8361|,,,1.0,1.0
Q8362|,,,1.0,
Q837171|,,,,1.0
Q840400|,,,,1.0
Q840829|,,,,4.0
Q841408|,,,1.0,
Q8418|,,,1.0,
Q8421|,,,,2.0
Q8424|Q5615097|Q919765|Q2419207|,,,,1.0
Q8424|Q815820|,,,,1.0
Q842595|Q122252|,,,,1.0
Q8434|,,,2.0,2.0
Q8434|Q36442|Q7748|,,,,1.0
Q8434|Q7922|,,,1.0,
Q843900|,,,,1.0
Q843900|Q7205|,,,,1.0
Q844240|Q11660|,,,,1.0
Q844924|,,,3.0,102.0
Q8458|,,,2.0,
Q8458|Q223569|Q1536343|,,,1.0,
Q846566|Q80962|,,,1.0,
Q846742|,,,,1.0
Q8473|,,,,2.0
Q8473|Q42388|,,,,1.0
Q847526|,,,,22.0
Q847|,,,1.0,
Q849216|,,,,1.0
Q852732|,,,,9.0
Q853077|Q42989|,,,,1.0
Q853422|,,,,1.0
Q854851|,,,,1.0
Q855091|,,,,1.0
Q855159|,,,,1.0
Q856251|,,,,2.0
Q856574|,,,,5.0
Q856574|Q1368144|,,,2.0,2.0
Q858517|,,,,1.0
Q861536|,,,,1.0
Q861699|,,,,1.0
Q864191|,,,,1.0
Q869095|,,,,1.0
Q872|,,,,1.0
Q8733|,,,,1.0
Q874429|,,,5.0,74.0
Q874429|Q1166618|,,,,1.0
Q874429|Q12479|,,,,3.0
Q874429|Q42989|,,,1.0,6.0
Q874803|,,,,1.0
Q875490|,,,,2.0
Q875592|,,,,3.0
Q877729|,,,1.0,
Q878226|,,,,1.0
Q878226|Q37845|,,,,1.0
Q889|,,,,1.0
Q897511|Q21198|,,,,1.0
Q899719|,,,2.0,4.0
Q905243|Q901775|,,,,1.0
Q908684|,,,1.0,
Q908692|Q715396|,,,,1.0
Q908902|Q209402|Q735188|Q7100|,,,,1.0
Q908917|Q521|Q1063|Q11473|,,,,1.0
Q909459|,,,,1.0
Q911554|,,,,1.0
Q9142|,,,,1.0
Q9143|,,,,1.0
Q9143|Q2407|,,,,1.0
Q9174|,,,,4.0
Q926191|,,,1.0,
Q9268|Q432|Q335414|,,,,1.0
Q928357|,,,,1.0
Q930164|,,,,1.0
Q931309|Q161238|,,,,1.0
Q93204|,,,4.0,3.0
Q93204|Q188575|Q1401416|,,,,1.0
Q935586|,,,,1.0
Q937857|,,,,1.0
Q938714|,,,,2.0
Q941594|,,,,2.0
Q9418|Q21201|,,,,1.0
Q943929|Q599510|,,,1.0,
Q944|,,,,2.0
Q9465|,,,,1.0
Q9465|Q126842|,,,,1.0
Q9465|Q35986|Q180592|,,,,1.0
Q9465|Q538733|,,,,1.0
Q9465|Q9391|,,,1.0,
Q9471|,,,1.0,
Q9471|Q27654|Q35277|,,,,1.0
Q9471|Q484761|,,,,1.0
Q9471|Q491412|Q9465|,,,,1.0
Q948647|,,,1.0,
Q953045|,,,1.0,
Q955043|,,,,1.0
Q956832|,,,,3.0
Q9581|,,,1.0,1.0
Q959049|,,,,1.0
Q959782|,,,,2.0
Q9603|,,,,14.0
Q9603|Q335414|,,,,1.0
Q9603|Q45996|,,,,1.0
Q9603|Q482|Q233387|,,,,1.0
Q9603|Q82245|,,,,1.0
Q963619|,,,1.0,
Q965602|,,,,1.0
Q972132|Q794605|,,,1.0,
Q9730|,,,5.0,4.0
Q9730|Q1344|,,,2.0,
Q9764|,,,1.0,
Q9778|,,,,1.0
Q9778|Q11401|,,,,1.0
Q995600|,,,,1.0
Q997515|,,,,1.0
Q998555|,,,2.0,2.0
Q998555|Q1259197|,,,,1.0
Q998555|Q482919|,,,,2.0
Q998555|Q627603|,,,,1.0
